{"cameraMode":{"drawMode":0,"name":"Shaded","section":"Shading Mode"},"sceneLighting":false,"audioPlay":false,"sceneViewState":{"m_AlwaysRefresh":false,"showFog":false,"showSkybox":false,"showFlares":false,"showImageEffects":false,"showParticleSystems":false,"showVisualEffectGraphs":true,"m_FxEnabled":true},"in2DMode":false,"pivot":{"x":0.38514214754104617,"y":-0.12175759673118592,"z":-0.04806050658226013},"rotation":{"x":0.0051505593582987789,"y":-0.9946085810661316,"z":0.0609624907374382,"w":0.08375710994005203},"size":0.7259556651115418,"orthographic":false}