{"cameraMode":{"drawMode":0,"name":"Shaded","section":"Shading Mode"},"sceneLighting":true,"audioPlay":false,"sceneViewState":{"m_AlwaysRefresh":false,"showFog":true,"showSkybox":true,"showFlares":true,"showImageEffects":true,"showParticleSystems":true,"showVisualEffectGraphs":true,"m_FxEnabled":true},"in2DMode":false,"pivot":{"x":-2.0759634971618654,"y":1.3539491891860963,"z":-0.32078468799591067},"rotation":{"x":0.5321099162101746,"y":0.11205122619867325,"z":-0.07132292538881302,"w":0.8361985683441162},"size":3.5983595848083498,"orthographic":false}