{"cameraMode":{"drawMode":0,"name":"Shaded","section":"Shading Mode"},"sceneLighting":true,"audioPlay":false,"sceneViewState":{"m_AlwaysRefresh":false,"showFog":true,"showSkybox":true,"showFlares":true,"showImageEffects":true,"showParticleSystems":true,"showVisualEffectGraphs":true,"m_FxEnabled":true},"in2DMode":false,"pivot":{"x":-0.7892520427703857,"y":-0.42930305004119875,"z":-1.1438777446746827},"rotation":{"x":0.5321099162101746,"y":0.11205122619867325,"z":-0.07132292538881302,"w":0.8361985683441162},"size":9.437828063964844,"orthographic":false}