{"cameraMode":{"drawMode":0,"name":"Shaded","section":"Shading Mode"},"sceneLighting":true,"audioPlay":false,"sceneViewState":{"m_AlwaysRefresh":false,"showFog":true,"showSkybox":true,"showFlares":true,"showImageEffects":true,"showParticleSystems":true,"showVisualEffectGraphs":true,"m_FxEnabled":true},"in2DMode":false,"pivot":{"x":-0.4348546266555786,"y":1.1048861742019654,"z":2.291977643966675},"rotation":{"x":0.06014513969421387,"y":-0.8761961460113525,"z":0.11340051889419556,"w":0.4645558297634125},"size":1.3771907091140748,"orthographic":false}