{"cameraMode":{"drawMode":0,"name":"Shaded","section":"Shading Mode"},"sceneLighting":false,"audioPlay":false,"sceneViewState":{"m_AlwaysRefresh":false,"showFog":true,"showSkybox":false,"showFlares":true,"showImageEffects":true,"showParticleSystems":true,"showVisualEffectGraphs":true,"m_FxEnabled":true},"in2DMode":false,"pivot":{"x":-0.8235018849372864,"y":2.014342784881592,"z":119.38507843017578},"rotation":{"x":-0.02796318009495735,"y":-0.7176886200904846,"z":0.028890345245599748,"w":-0.6952045559883118},"size":3.4690515995025636,"orthographic":false}