{"cameraMode":{"drawMode":0,"name":"Shaded","section":"Shading Mode"},"sceneLighting":true,"audioPlay":false,"sceneViewState":{"m_AlwaysRefresh":false,"showFog":true,"showSkybox":true,"showFlares":true,"showImageEffects":true,"showParticleSystems":true,"showVisualEffectGraphs":true,"m_FxEnabled":true},"in2DMode":false,"pivot":{"x":-0.7828458547592163,"y":1.431935429573059,"z":0.31707441806793215},"rotation":{"x":0.30810099840164187,"y":0.013841311447322369,"z":-0.004546549636870623,"w":0.9512856602668762},"size":8.706634521484375,"orthographic":true}