{"cameraMode":{"drawMode":0,"name":"Shaded","section":"Shading Mode"},"sceneLighting":true,"audioPlay":false,"sceneViewState":{"m_AlwaysRefresh":false,"showFog":true,"showSkybox":true,"showFlares":true,"showImageEffects":true,"showParticleSystems":true,"showVisualEffectGraphs":true,"m_FxEnabled":true},"in2DMode":false,"pivot":{"x":-0.3710871636867523,"y":1.1569890975952149,"z":1.1473699808120728},"rotation":{"x":-0.009711035527288914,"y":0.9575340747833252,"z":-0.2864883244037628,"w":-0.032340846955776218},"size":5.410170555114746,"orthographic":true}